<?xml version="1.0"?>
<!DOCTYPE hibernate-mapping PUBLIC "-//Hibernate/Hibernate Mapping DTD 3.0//EN"
"http://hibernate.sourceforge.net/hibernate-mapping-3.0.dtd">

<hibernate-mapping>
    <class name="hibernateproject.practice.Book" table="BOOK">
        <id name="ISBNnumber" type="java.lang.Integer">
            <column name="ISBNnumber" />
            <generator class="assigned" />
        </id>
        <property name="bookTitle" type="string">
            <column name="bookTitle" length="10" not-null="true" unique="true" />
        </property>
        <property name="publicationDate" type="java.sql.Date">
            <column name="publicationDate" length="20" not-null="true" unique="true" />
        </property>
    </class>
</hibernate-mapping>