<beans xmlns="http://www.springframework.org/schema/beans"
    xmlns:xsi="http://www.w3.org/2001/XMLSchema-instance"
    xmlns:context="http://www.springframework.org/schema/context"
    xsi:schemaLocation="http://www.springframework.org/schema/beans
    http://www.springframework.org/schema/beans/spring-beans-3.0.xsd
    http://www.springframework.org/schema/context
    http://www.springframework.org/schema/context/spring-context-3.0.xsd">

   <context:annotation-config/>

	<bean id="myBean" class="com.sap.HelloWorld" scope="prototype">
		<property name="name" value="shashi" />
		<property name="age" value="25" />
		<property name="friends">
		<list>
		<value>Siya</value>
		<value>Priya</value>
		<value>Prateek</value>
		</list>
		</property>
	 </bean>
	<bean id="address" class="com.sap.Address"/>
	<bean id="address2" class="com.sap.Address">
	</bean>
	<bean id="name1" class="com.sap.Name">
		<property name="name" value="Kanpur" />
	</bean>
	 
	<!-- <bean id="a" class="com.sap.A">
	<constructor-arg ref="b"></constructor-arg>
	</bean>
	<bean id="b" class="com.sap.B">
		<constructor-arg ref="a"></constructor-arg>
	</bean> -->

</beans>