<?xml version="1.0" encoding="utf-8"?>
<!DOCTYPE hibernate-configuration PUBLIC
"-//Hibernate/Hibernate Configuration DTD 3.0//EN"
"http://hibernate.sourceforge.net/hibernate-configuration-3.0.dtd">
<hibernate-configuration>
    <session-factory>
        <property name="hibernate.connection.driver_class">com.mysql.jdbc.Driver</property>
        <property name="hibernate.connection.password">sapient123</property>
        <property name="hibernate.connection.url">jdbc:mysql://localhost:3306/BookStoreDB</property>
        <property name="hibernate.connection.username">root</property>
        <property name="hibernate.dialect">org.hibernate.dialect.MySQLDialect</property>
        <property name="hibernate.hbm2ddl.auto">update</property>
        <property name="show_sql">true</property>
        <property name="format_sql">true</property>
      <!--   <mapping resource="hibernateproject/practice/Bookstore.hbm.xml"></mapping> -->
       <!--  <mapping class="hibernateproject.practice.Author"/>
        <mapping class="hibernateproject.practice.Book"/> -->
        <mapping class="myspring.jpa.Equity"/>
        
    </session-factory>
</hibernate-configuration>